origin,lead,target_date,ap,q05,q10,q25,q50,q75,q90,q95,model,issued_at
2026-10-04,1,2026-10-05,25.1,8.1,10.3,13.6,18.8,26.5,39.0,50.0,AP_3h60_ssn_f107,2026-10-05T17:31:02+00:00
2026-10-04,2,2026-10-06,16.6,3.9,5.1,7.3,10.6,17.0,26.7,34.0,AP_3h60_ssn_f107,2026-10-05T17:31:02+00:00
2026-10-04,3,2026-10-07,11.7,2.4,3.2,4.8,7.2,11.8,18.6,23.7,AP_3h60_ssn_f107,2026-10-05T17:31:02+00:00
2026-10-04,4,2026-10-08,10.8,2.2,2.9,4.3,6.6,10.8,17.2,21.8,AP_3h60_ssn_f107,2026-10-05T17:31:02+00:00
2026-10-04,5,2026-10-09,9.4,1.8,2.4,3.7,5.7,9.4,14.9,19.1,AP_3h60_ssn_f107,2026-10-05T17:31:02+00:00
2026-10-04,6,2026-10-10,10.8,2.2,3.0,4.5,6.7,11.1,17.4,22.3,AP_3h60_ssn_f107,2026-10-05T17:31:02+00:00
2026-10-04,7,2026-10-11,10.9,2.4,3.2,4.8,7.2,11.7,18.5,23.3,AP_3h60_ssn_f107,2026-10-05T17:31:02+00:00
2026-10-04,8,2026-10-12,11.2,2.4,3.2,4.8,7.1,11.8,18.6,23.7,AP_3h60_ssn_f107,2026-10-05T17:31:02+00:00
2026-10-04,9,2026-10-13,10.2,2.0,2.8,4.2,6.3,10.4,16.5,21.3,AP_3h60_ssn_f107,2026-10-05T17:31:02+00:00
2026-10-04,10,2026-10-14,9.5,1.9,2.6,3.9,5.9,9.7,15.2,19.8,AP_3h60_ssn_f107,2026-10-05T17:31:02+00:00
2026-10-04,11,2026-10-15,9.3,1.8,2.4,3.7,5.6,9.3,14.9,19.1,AP_3h60_ssn_f107,2026-10-05T17:31:02+00:00
2026-10-04,12,2026-10-16,8.2,1.5,2.2,3.4,5.1,8.5,13.6,17.4,AP_3h60_ssn_f107,2026-10-05T17:31:02+00:00
2026-10-04,13,2026-10-17,8.6,1.6,2.3,3.6,5.4,9.1,14.5,18.5,AP_3h60_ssn_f107,2026-10-05T17:31:02+00:00
2026-10-04,14,2026-10-18,8.8,1.6,2.2,3.3,5.2,8.6,13.8,17.9,AP_3h60_ssn_f107,2026-10-05T17:31:02+00:00
2026-10-04,15,2026-10-19,9.1,1.7,2.4,3.7,5.6,9.3,14.8,19.1,AP_3h60_ssn_f107,2026-10-05T17:31:02+00:00
2026-10-04,16,2026-10-20,11.0,2.3,3.2,4.7,7.0,11.5,18.3,23.2,AP_3h60_ssn_f107,2026-10-05T17:31:02+00:00
2026-10-04,17,2026-10-21,15.3,3.5,4.7,6.8,10.0,16.1,25.2,31.8,AP_3h60_ssn_f107,2026-10-05T17:31:02+00:00
2026-10-04,18,2026-10-22,15.0,3.3,4.5,6.6,9.5,15.3,24.3,31.0,AP_3h60_ssn_f107,2026-10-05T17:31:02+00:00
2026-10-04,19,2026-10-23,12.0,2.6,3.5,5.2,7.6,12.4,19.5,25.0,AP_3h60_ssn_f107,2026-10-05T17:31:02+00:00
2026-10-04,20,2026-10-24,9.4,1.8,2.5,3.9,5.8,9.5,15.2,19.3,AP_3h60_ssn_f107,2026-10-05T17:31:02+00:00
2026-10-04,21,2026-10-25,9.1,1.7,2.3,3.5,5.4,9.0,14.4,18.6,AP_3h60_ssn_f107,2026-10-05T17:31:02+00:00
2026-10-04,22,2026-10-26,7.5,1.3,1.9,2.9,4.5,7.6,12.2,15.7,AP_3h60_ssn_f107,2026-10-05T17:31:02+00:00
2026-10-04,23,2026-10-27,8.1,1.4,2.1,3.2,4.9,8.1,13.0,16.8,AP_3h60_ssn_f107,2026-10-05T17:31:02+00:00
2026-10-04,24,2026-10-28,9.4,1.8,2.4,3.7,5.6,9.3,14.8,19.1,AP_3h60_ssn_f107,2026-10-05T17:31:02+00:00
2026-10-04,25,2026-10-29,10.6,2.0,2.8,4.1,6.3,10.4,16.6,21.3,AP_3h60_ssn_f107,2026-10-05T17:31:02+00:00
2026-10-04,26,2026-10-30,12.1,2.5,3.3,4.9,7.3,11.9,19.0,24.6,AP_3h60_ssn_f107,2026-10-05T17:31:02+00:00
2026-10-04,27,2026-10-31,15.1,3.2,4.2,6.0,9.1,14.6,23.2,29.6,AP_3h60_ssn_f107,2026-10-05T17:31:02+00:00
2026-10-04,28,2026-11-01,18.2,4.0,5.0,7.2,10.9,17.6,28.1,37.1,AP_3h60_ssn_f107,2026-10-05T17:31:02+00:00
2026-10-04,29,2026-11-02,14.6,3.0,4.0,5.8,8.8,14.7,23.7,31.4,AP_3h60_ssn_f107,2026-10-05T17:31:02+00:00
2026-10-04,30,2026-11-03,12.7,2.4,3.1,4.7,7.3,12.2,19.7,26.8,AP_3h60_ssn_f107,2026-10-05T17:31:02+00:00
